alias,canonical
# Ingredient and dish synonyms. Left side is matched case-insensitively against the whole
# ingredient name (after the amount is removed) or the cleaned dish name. Extend freely, or pass
# your own file with --aliases (same two columns); yours is applied on top of these.
ზეთი,მცენარეული ზეთი
ზეთისხილის ზეთი,ზეითუნის ზეთი
ნიგვზის გული,ნიგოზი
ნიგვზის ლებანი,ნიგოზი
ნიგოზის გული,ნიგოზი
ნივრის კბილი,ნიორი
ნივრის კბილები,ნიორი
ხახვის თავი,ხახვი
ხახვის თავები,ხახვი
ბოლქვიანი ხახვი,ხახვი
მწვანე ქინძი,ქინძი
ქინძის კონა,ქინძი
პილპილი,შავი პილპილი
შავი პილპილის მარცვალი,შავი პილპილი
ტომატ-პასტა,ტომატის პასტა
ტომატპასტა,ტომატის პასტა
პომიდვრის პასტა,ტომატის პასტა
ნაღების კარაქი,კარაქი
ხორბლის ფქვილი,ფქვილი
პურის ფქვილი,ფქვილი
უმაღლესი ხარისხის ფქვილი,ფქვილი
საჭმლის სოდა,სოდა
საცხობი სოდა,სოდა
შაქრის პუდრა,შაქრის ფხვნილი
ვანილის შაქარი,ვანილინი
კვერცხები,კვერცხი
ქათმის კვერცხი,კვერცხი
ქათმის ფილე,ქათმის მკერდი
ქათმის მკერდის ფილე,ქათმის მკერდი
საქონლის ფარში,საქონლის ხორცის ფარში
ძროხის ხორცი,საქონლის ხორცი
ბულგარული,ბულგარული წიწაკა
ტკბილი წიწაკა,ბულგარული წიწაკა
სულგუნის ყველი,სულგუნი
იმერული,იმერული ყველი
ცივი წყალი,წყალი
თბილი წყალი,წყალი
ადუღებული წყალი,წყალი
უნივერსალური ფქვილი,ფქვილი
უნივერსალური დანიშნულების ფქვილი,ფქვილი
