ingredient,nutrition_name
# Which nutrition-table row (gemrielia.ge / fiber.ge, per 100 g) to use for a common recipe ingredient
# when the names differ. Left: ingredient as it appears in the library. Right: exact row name in the table.
# Anything not listed is matched automatically by name (fiber.ge first). Edit to suit your app.
ფქვილი,ხორბლის I ხარისხის ფქვილი
კარაქი,კარაქი ნაღების უმარილო
მცენარეული ზეთი,მზესუმზირას ზეთი
მზესუმზირის ზეთი,მზესუმზირას ზეთი
რძე,"რძე 3,2%"
არაჟანი,არაჟანი 20%
ნაღები,ნაღები 20%
ხაჭო,ხაჭო 9%
კეფირი,"კეფირი 2,5%"
კვერცხი,ქათმის კვერცხი უმი
ნიგოზი,ბერძნული თხილი
თხილი,ფუნდუკი (ტყის თხილი)
ბულგარული წიწაკა,"წიწაკა ტკბილი, წითელი"
წითელი ბულგარული წიწაკა,"წიწაკა ტკბილი, წითელი"
მწვანე ბულგარული წიწაკა,"წიწაკა ტკბილი, მწვანე"
კომბოსტო,კომბოსტო თეთრთავა
სტაფილო,სტაფილო ნედლი
კიტრი,კიტრი მინდვრის
ლობიო,ლობიო ხმელი
თაფლი,თაფლი ნატურალური
კაკაო,კაკაო ფხვნილი
ბრინჯი,ბრინჯი გაპრიალებული
მაკარონი,უმაღლესი ხარისხის მაკარონი
სპაგეტი,უმაღლესი ხარისხის მაკარონი
ოხრახუში,ოხრახუში(მწვანილი)
